{"/":{"":{"Adapter_name":"proepview","Adapter_platform":"x86e_win64","Adapter_version":"parametric9000 19.0.0.0-O5U3hr","Source_file_name":"overall_assembly.asm","Structure_has_assembly_features":"0"},"PROE Parameters":{"PTC_COMMON_NAME":"","PTC_MP_VAL_IMP_AREA":"693576.059475","PTC_MP_VAL_IMP_VOLUME":"2194058.497183","PTC_VAL_IMP_SCORE":"PASS"},"__PV_SystemProperties":{"Child Count":"64","Component Name":"OVERALL_ASSEMBLY.ASM","Display Name":"OVERALL_ASSEMBLY.ASM","Model Extents (mm)":"641.661","OL File Name":"","Part Depth":"1","Part ID Path":"/","Part Name":"OVERALL_ASSEMBLY.ASM","Part Path":"OVERALL_ASSEMBLY.ASM"}},"/10":{"":{"Feature_Id":"10","Source_file_name":"tmp_dwg_7.asm"},"PROE Parameters":{"PTC_COMMON_NAME":"","PTC_MP_VAL_IMP_AREA":"4622.778977","PTC_MP_VAL_IMP_VOLUME":"2220.198872","PTC_VAL_IMP_SCORE":"PASS"},"__PV_SystemProperties":{"Child Count":"1","Component Name":"TMP_DWG_7.ASM","Display Name":"TMP_DWG_7.ASM","Model Extents (mm)":"47.25","OL File Name":"","Part Depth":"2","Part ID":"10","Part ID Path":"/10","Part Name":"TMP_DWG_7.ASM","Part Path":"OVERALL_ASSEMBLY.ASM/TMP_DWG_7.ASM"}},"/10/1":{"":{"Feature_Id":"1","Source_file_name":"tmp_dwg_7_1.prt"},"PROE Parameters":{"PTC_COMMON_NAME":"","PTC_MASTER_MATERIAL":"PTC_SYSTEM_MTRL_PROPS","PTC_MATERIAL_NAME":"","PTC_MP_VAL_IMP_AREA":"4622.778977","PTC_MP_VAL_IMP_VOLUME":"2220.198872","PTC_REPORTED_MATERIAL":"","PTC_VAL_IMP_PART_STATUS":"OK","PTC_VAL_IMP_SCORE":"PASS"},"__PV_SystemProperties":{"Child Count":"0","Component Name":"TMP_DWG_7_1.PRT","Display Name":"TMP_DWG_7_1.PRT","Model Extents (mm)":"47.25","OL File Name":"overall_assembly_15.ol","Part Depth":"3","Part ID":"1","Part ID Path":"/10/1","Part Name":"TMP_DWG_7_1.PRT","Part Path":"OVERALL_ASSEMBLY.ASM/TMP_DWG_7.ASM/TMP_DWG_7_1.PRT"}},"/11":{"":{"Feature_Id":"11","Source_file_name":"tmp_dwg_8.asm"},"PROE Parameters":{"PTC_COMMON_NAME":"","PTC_MP_VAL_IMP_AREA":"30516.735808","PTC_MP_VAL_IMP_VOLUME":"42145.979565","PTC_VAL_IMP_SCORE":"PASS"},"__PV_SystemProperties":{"Child Count":"1","Component Name":"TMP_DWG_8.ASM","Display Name":"TMP_DWG_8.ASM","Model Extents (mm)":"152.5","OL File Name":"","Part Depth":"2","Part ID":"11","Part ID Path":"/11","Part Name":"TMP_DWG_8.ASM","Part Path":"OVERALL_ASSEMBLY.ASM/TMP_DWG_8.ASM"}},"/11/1":{"":{"Feature_Id":"1","Source_file_name":"tmp_dwg_8_1.prt"},"PROE Parameters":{"PTC_COMMON_NAME":"","PTC_MASTER_MATERIAL":"PTC_SYSTEM_MTRL_PROPS","PTC_MATERIAL_NAME":"","PTC_MP_VAL_IMP_AREA":"30516.735808","PTC_MP_VAL_IMP_VOLUME":"42145.979565","PTC_REPORTED_MATERIAL":"","PTC_VAL_IMP_PART_STATUS":"OK","PTC_VAL_IMP_SCORE":"PASS"},"__PV_SystemProperties":{"Child Count":"0","Component Name":"TMP_DWG_8_1.PRT","Display Name":"TMP_DWG_8_1.PRT","Model Extents (mm)":"152.5","OL File Name":"overall_assembly_17.ol","Part Depth":"3","Part ID":"1","Part ID Path":"/11/1","Part Name":"TMP_DWG_8_1.PRT","Part Path":"OVERALL_ASSEMBLY.ASM/TMP_DWG_8.ASM/TMP_DWG_8_1.PRT"}},"/12":{"":{"Feature_Id":"12","Source_file_name":"tmp_dwg_9.asm"},"PROE Parameters":{"PTC_COMMON_NAME":"","PTC_MP_VAL_IMP_AREA":"21149.219046","PTC_MP_VAL_IMP_VOLUME":"107569.142868","PTC_VAL_IMP_SCORE":"PASS"},"__PV_SystemProperties":{"Child Count":"1","Component Name":"TMP_DWG_9.ASM","Display Name":"TMP_DWG_9.ASM","Model Extents (mm)":"232.412","OL File Name":"","Part Depth":"2","Part ID":"12","Part ID Path":"/12","Part Name":"TMP_DWG_9.ASM","Part Path":"OVERALL_ASSEMBLY.ASM/TMP_DWG_9.ASM"}},"/12/1":{"":{"Feature_Id":"1","Source_file_name":"tmp_dwg_9_1.prt"},"PROE Parameters":{"PTC_COMMON_NAME":"","PTC_MASTER_MATERIAL":"PTC_SYSTEM_MTRL_PROPS","PTC_MATERIAL_NAME":"","PTC_MP_VAL_IMP_AREA":"21149.219046","PTC_MP_VAL_IMP_VOLUME":"107569.142868","PTC_REPORTED_MATERIAL":"","PTC_VAL_IMP_PART_STATUS":"OK","PTC_VAL_IMP_SCORE":"PASS"},"__PV_SystemProperties":{"Child Count":"0","Component Name":"TMP_DWG_9_1.PRT","Display Name":"TMP_DWG_9_1.PRT","Model Extents (mm)":"232.412","OL File Name":"overall_assembly_19.ol","Part Depth":"3","Part ID":"1","Part ID Path":"/12/1","Part Name":"TMP_DWG_9_1.PRT","Part Path":"OVERALL_ASSEMBLY.ASM/TMP_DWG_9.ASM/TMP_DWG_9_1.PRT"}},"/13":{"":{"Feature_Id":"13","Source_file_name":"tmp_dwg_10.asm"},"PROE Parameters":{"PTC_COMMON_NAME":"","PTC_MP_VAL_IMP_AREA":"5902.342792","PTC_MP_VAL_IMP_VOLUME":"6100.477028","PTC_VAL_IMP_SCORE":"PASS"},"__PV_SystemProperties":{"Child Count":"1","Component Name":"TMP_DWG_10.ASM","Display Name":"TMP_DWG_10.ASM","Model Extents (mm)":"95","OL File Name":"","Part Depth":"2","Part ID":"13","Part ID Path":"/13","Part Name":"TMP_DWG_10.ASM","Part Path":"OVERALL_ASSEMBLY.ASM/TMP_DWG_10.ASM"}},"/13/1":{"":{"Feature_Id":"1","Source_file_name":"tmp_dwg_10_1.prt"},"PROE Parameters":{"PTC_COMMON_NAME":"","PTC_MASTER_MATERIAL":"PTC_SYSTEM_MTRL_PROPS","PTC_MATERIAL_NAME":"","PTC_MP_VAL_IMP_AREA":"5902.342792","PTC_MP_VAL_IMP_VOLUME":"6100.477028","PTC_REPORTED_MATERIAL":"","PTC_VAL_IMP_PART_STATUS":"OK","PTC_VAL_IMP_SCORE":"PASS"},"__PV_SystemProperties":{"Child Count":"0","Component Name":"TMP_DWG_10_1.PRT","Display Name":"TMP_DWG_10_1.PRT","Model Extents (mm)":"95","OL File Name":"overall_assembly_21.ol","Part Depth":"3","Part ID":"1","Part ID Path":"/13/1","Part Name":"TMP_DWG_10_1.PRT","Part Path":"OVERALL_ASSEMBLY.ASM/TMP_DWG_10.ASM/TMP_DWG_10_1.PRT"}},"/14":{"":{"Feature_Id":"14","Source_file_name":"tmp_dwg_11.asm"},"PROE Parameters":{"PTC_COMMON_NAME":"","PTC_MP_VAL_IMP_AREA":"1933.889824","PTC_MP_VAL_IMP_VOLUME":"4537.160759","PTC_VAL_IMP_SCORE":"PASS"},"__PV_SystemProperties":{"Child Count":"1","Component Name":"TMP_DWG_11.ASM","Display Name":"TMP_DWG_11.ASM","Model Extents (mm)":"37.25","OL File Name":"","Part Depth":"2","Part ID":"14","Part ID Path":"/14","Part Name":"TMP_DWG_11.ASM","Part Path":"OVERALL_ASSEMBLY.ASM/TMP_DWG_11.ASM"}},"/14/1":{"":{"Feature_Id":"1","Source_file_name":"tmp_dwg_11_1.prt"},"PROE Parameters":{"PTC_COMMON_NAME":"","PTC_MASTER_MATERIAL":"PTC_SYSTEM_MTRL_PROPS","PTC_MATERIAL_NAME":"","PTC_MP_VAL_IMP_AREA":"1933.889824","PTC_MP_VAL_IMP_VOLUME":"4537.160759","PTC_REPORTED_MATERIAL":"","PTC_VAL_IMP_PART_STATUS":"OK","PTC_VAL_IMP_SCORE":"PASS"},"__PV_SystemProperties":{"Child Count":"0","Component Name":"TMP_DWG_11_1.PRT","Display Name":"TMP_DWG_11_1.PRT","Model Extents (mm)":"37.25","OL File Name":"overall_assembly_23.ol","Part Depth":"3","Part ID":"1","Part ID Path":"/14/1","Part Name":"TMP_DWG_11_1.PRT","Part Path":"OVERALL_ASSEMBLY.ASM/TMP_DWG_11.ASM/TMP_DWG_11_1.PRT"}},"/15":{"":{"Feature_Id":"15","Source_file_name":"tmp_dwg_12.asm"},"PROE Parameters":{"PTC_COMMON_NAME":"","PTC_MP_VAL_IMP_AREA":"1933.889824","PTC_MP_VAL_IMP_VOLUME":"4537.160759","PTC_VAL_IMP_SCORE":"PASS"},"__PV_SystemProperties":{"Child Count":"1","Component Name":"TMP_DWG_12.ASM","Display Name":"TMP_DWG_12.ASM","Model Extents (mm)":"37.25","OL File Name":"","Part Depth":"2","Part ID":"15","Part ID Path":"/15","Part Name":"TMP_DWG_12.ASM","Part Path":"OVERALL_ASSEMBLY.ASM/TMP_DWG_12.ASM"}},"/15/1":{"":{"Feature_Id":"1","Source_file_name":"tmp_dwg_12_1.prt"},"PROE Parameters":{"PTC_COMMON_NAME":"","PTC_MASTER_MATERIAL":"PTC_SYSTEM_MTRL_PROPS","PTC_MATERIAL_NAME":"","PTC_MP_VAL_IMP_AREA":"1933.889824","PTC_MP_VAL_IMP_VOLUME":"4537.160759","PTC_REPORTED_MATERIAL":"","PTC_VAL_IMP_PART_STATUS":"OK","PTC_VAL_IMP_SCORE":"PASS"},"__PV_SystemProperties":{"Child Count":"0","Component Name":"TMP_DWG_12_1.PRT","Display Name":"TMP_DWG_12_1.PRT","Model Extents (mm)":"37.25","OL File Name":"overall_assembly_25.ol","Part Depth":"3","Part ID":"1","Part ID Path":"/15/1","Part Name":"TMP_DWG_12_1.PRT","Part Path":"OVERALL_ASSEMBLY.ASM/TMP_DWG_12.ASM/TMP_DWG_12_1.PRT"}},"/16":{"":{"Feature_Id":"16","Source_file_name":"tmp_dwg_13.asm"},"PROE Parameters":{"PTC_COMMON_NAME":"","PTC_MP_VAL_IMP_AREA":"1933.889824","PTC_MP_VAL_IMP_VOLUME":"4537.160759","PTC_VAL_IMP_SCORE":"PASS"},"__PV_SystemProperties":{"Child Count":"1","Component Name":"TMP_DWG_13.ASM","Display Name":"TMP_DWG_13.ASM","Model Extents (mm)":"37.25","OL File Name":"","Part Depth":"2","Part ID":"16","Part ID Path":"/16","Part Name":"TMP_DWG_13.ASM","Part Path":"OVERALL_ASSEMBLY.ASM/TMP_DWG_13.ASM"}},"/16/1":{"":{"Feature_Id":"1","Source_file_name":"tmp_dwg_13_1.prt"},"PROE Parameters":{"PTC_COMMON_NAME":"","PTC_MASTER_MATERIAL":"PTC_SYSTEM_MTRL_PROPS","PTC_MATERIAL_NAME":"","PTC_MP_VAL_IMP_AREA":"1933.889824","PTC_MP_VAL_IMP_VOLUME":"4537.160759","PTC_REPORTED_MATERIAL":"","PTC_VAL_IMP_PART_STATUS":"OK","PTC_VAL_IMP_SCORE":"PASS"},"__PV_SystemProperties":{"Child Count":"0","Component Name":"TMP_DWG_13_1.PRT","Display Name":"TMP_DWG_13_1.PRT","Model Extents (mm)":"37.25","OL File Name":"overall_assembly_27.ol","Part Depth":"3","Part ID":"1","Part ID Path":"/16/1","Part Name":"TMP_DWG_13_1.PRT","Part Path":"OVERALL_ASSEMBLY.ASM/TMP_DWG_13.ASM/TMP_DWG_13_1.PRT"}},"/17":{"":{"Feature_Id":"17","Source_file_name":"tmp_dwg_14.asm"},"PROE Parameters":{"PTC_COMMON_NAME":"","PTC_MP_VAL_IMP_AREA":"3603.014075","PTC_MP_VAL_IMP_VOLUME":"4186.859434","PTC_VAL_IMP_SCORE":"PASS"},"__PV_SystemProperties":{"Child Count":"1","Component Name":"TMP_DWG_14.ASM","Display Name":"TMP_DWG_14.ASM","Model Extents (mm)":"190","OL File Name":"","Part Depth":"2","Part ID":"17","Part ID Path":"/17","Part Name":"TMP_DWG_14.ASM","Part Path":"OVERALL_ASSEMBLY.ASM/TMP_DWG_14.ASM"}},"/17/1":{"":{"Feature_Id":"1","Source_file_name":"tmp_dwg_14_1.prt"},"PROE Parameters":{"PTC_COMMON_NAME":"","PTC_MASTER_MATERIAL":"PTC_SYSTEM_MTRL_PROPS","PTC_MATERIAL_NAME":"","PTC_MP_VAL_IMP_AREA":"3603.014075","PTC_MP_VAL_IMP_VOLUME":"4186.859434","PTC_REPORTED_MATERIAL":"","PTC_VAL_IMP_PART_STATUS":"OK","PTC_VAL_IMP_SCORE":"PASS"},"__PV_SystemProperties":{"Child Count":"0","Component Name":"TMP_DWG_14_1.PRT","Display Name":"TMP_DWG_14_1.PRT","Model Extents (mm)":"190","OL File Name":"overall_assembly_29.ol","Part Depth":"3","Part ID":"1","Part ID Path":"/17/1","Part Name":"TMP_DWG_14_1.PRT","Part Path":"OVERALL_ASSEMBLY.ASM/TMP_DWG_14.ASM/TMP_DWG_14_1.PRT"}},"/18":{"":{"Feature_Id":"18","Source_file_name":"tmp_dwg_15.asm"},"PROE Parameters":{"PTC_COMMON_NAME":"","PTC_MP_VAL_IMP_AREA":"228528.537552","PTC_MP_VAL_IMP_VOLUME":"553933.316153","PTC_VAL_IMP_SCORE":"PASS"},"__PV_SystemProperties":{"Child Count":"1","Component Name":"TMP_DWG_15.ASM","Display Name":"TMP_DWG_15.ASM","Model Extents (mm)":"254.226","OL File Name":"","Part Depth":"2","Part ID":"18","Part ID Path":"/18","Part Name":"TMP_DWG_15.ASM","Part Path":"OVERALL_ASSEMBLY.ASM/TMP_DWG_15.ASM"}},"/18/1":{"":{"Feature_Id":"1","Source_file_name":"tmp_dwg_15_1.prt"},"PROE Parameters":{"PTC_COMMON_NAME":"","PTC_MASTER_MATERIAL":"PTC_SYSTEM_MTRL_PROPS","PTC_MATERIAL_NAME":"","PTC_MP_VAL_IMP_AREA":"228528.537552","PTC_MP_VAL_IMP_VOLUME":"553933.316153","PTC_REPORTED_MATERIAL":"","PTC_VAL_IMP_PART_STATUS":"OK","PTC_VAL_IMP_SCORE":"PASS"},"__PV_SystemProperties":{"Child Count":"0","Component Name":"TMP_DWG_15_1.PRT","Display Name":"TMP_DWG_15_1.PRT","Model Extents (mm)":"254.226","OL File Name":"overall_assembly_31.ol","Part Depth":"3","Part ID":"1","Part ID Path":"/18/1","Part Name":"TMP_DWG_15_1.PRT","Part Path":"OVERALL_ASSEMBLY.ASM/TMP_DWG_15.ASM/TMP_DWG_15_1.PRT"}},"/19":{"":{"Feature_Id":"19","Source_file_name":"tmp_dwg_16.asm"},"PROE Parameters":{"PTC_COMMON_NAME":"","PTC_MP_VAL_IMP_AREA":"21814.805613","PTC_VAL_IMP_SCORE":"PASS"},"__PV_SystemProperties":{"Child Count":"1","Component Name":"TMP_DWG_16.ASM","Display Name":"TMP_DWG_16.ASM","Model Extents (mm)":"139","OL File Name":"","Part Depth":"2","Part ID":"19","Part ID Path":"/19","Part Name":"TMP_DWG_16.ASM","Part Path":"OVERALL_ASSEMBLY.ASM/TMP_DWG_16.ASM"}},"/19/1":{"":{"Feature_Id":"1","Source_file_name":"tmp_dwg_16_1.prt"},"PROE Parameters":{"PTC_COMMON_NAME":"","PTC_MASTER_MATERIAL":"PTC_SYSTEM_MTRL_PROPS","PTC_MATERIAL_NAME":"","PTC_MP_VAL_IMP_AREA":"21814.805613","PTC_REPORTED_MATERIAL":"","PTC_VAL_IMP_PART_STATUS":"OK","PTC_VAL_IMP_SCORE":"PASS"},"__PV_SystemProperties":{"Child Count":"0","Component Name":"TMP_DWG_16_1.PRT","Display Name":"TMP_DWG_16_1.PRT","Model Extents (mm)":"139","OL File Name":"overall_assembly_33.ol","Part Depth":"3","Part ID":"1","Part ID Path":"/19/1","Part Name":"TMP_DWG_16_1.PRT","Part Path":"OVERALL_ASSEMBLY.ASM/TMP_DWG_16.ASM/TMP_DWG_16_1.PRT"}},"/20":{"":{"Feature_Id":"20","Source_file_name":"tmp_dwg_17.asm"},"PROE Parameters":{"PTC_COMMON_NAME":"","PTC_MP_VAL_IMP_AREA":"11984.512312","PTC_MP_VAL_IMP_VOLUME":"9736.878991","PTC_VAL_IMP_SCORE":"PASS"},"__PV_SystemProperties":{"Child Count":"1","Component Name":"TMP_DWG_17.ASM","Display Name":"TMP_DWG_17.ASM","Model Extents (mm)":"244.75","OL File Name":"","Part Depth":"2","Part ID":"20","Part ID Path":"/20","Part Name":"TMP_DWG_17.ASM","Part Path":"OVERALL_ASSEMBLY.ASM/TMP_DWG_17.ASM"}},"/20/1":{"":{"Feature_Id":"1","Source_file_name":"tmp_dwg_17_1.prt"},"PROE Parameters":{"PTC_COMMON_NAME":"","PTC_MASTER_MATERIAL":"PTC_SYSTEM_MTRL_PROPS","PTC_MATERIAL_NAME":"","PTC_MP_VAL_IMP_AREA":"11984.512312","PTC_MP_VAL_IMP_VOLUME":"9736.878991","PTC_REPORTED_MATERIAL":"","PTC_VAL_IMP_PART_STATUS":"OK","PTC_VAL_IMP_SCORE":"PASS"},"__PV_SystemProperties":{"Child Count":"0","Component Name":"TMP_DWG_17_1.PRT","Display Name":"TMP_DWG_17_1.PRT","Model Extents (mm)":"244.75","OL File Name":"overall_assembly_35.ol","Part Depth":"3","Part ID":"1","Part ID Path":"/20/1","Part Name":"TMP_DWG_17_1.PRT","Part Path":"OVERALL_ASSEMBLY.ASM/TMP_DWG_17.ASM/TMP_DWG_17_1.PRT"}},"/21":{"":{"Feature_Id":"21","Source_file_name":"tmp_dwg_18.asm"},"PROE Parameters":{"PTC_COMMON_NAME":"","PTC_MP_VAL_IMP_AREA":"1933.889824","PTC_MP_VAL_IMP_VOLUME":"4537.160759","PTC_VAL_IMP_SCORE":"PASS"},"__PV_SystemProperties":{"Child Count":"1","Component Name":"TMP_DWG_18.ASM","Display Name":"TMP_DWG_18.ASM","Model Extents (mm)":"37.25","OL File Name":"","Part Depth":"2","Part ID":"21","Part ID Path":"/21","Part Name":"TMP_DWG_18.ASM","Part Path":"OVERALL_ASSEMBLY.ASM/TMP_DWG_18.ASM"}},"/21/1":{"":{"Feature_Id":"1","Source_file_name":"tmp_dwg_18_1.prt"},"PROE Parameters":{"PTC_COMMON_NAME":"","PTC_MASTER_MATERIAL":"PTC_SYSTEM_MTRL_PROPS","PTC_MATERIAL_NAME":"","PTC_MP_VAL_IMP_AREA":"1933.889824","PTC_MP_VAL_IMP_VOLUME":"4537.160759","PTC_REPORTED_MATERIAL":"","PTC_VAL_IMP_PART_STATUS":"OK","PTC_VAL_IMP_SCORE":"PASS"},"__PV_SystemProperties":{"Child Count":"0","Component Name":"TMP_DWG_18_1.PRT","Display Name":"TMP_DWG_18_1.PRT","Model Extents (mm)":"37.25","OL File Name":"overall_assembly_37.ol","Part Depth":"3","Part ID":"1","Part ID Path":"/21/1","Part Name":"TMP_DWG_18_1.PRT","Part Path":"OVERALL_ASSEMBLY.ASM/TMP_DWG_18.ASM/TMP_DWG_18_1.PRT"}},"/22":{"":{"Feature_Id":"22","Source_file_name":"tmp_dwg_19.asm"},"PROE Parameters":{"PTC_COMMON_NAME":"","PTC_MP_VAL_IMP_AREA":"1933.889824","PTC_MP_VAL_IMP_VOLUME":"4537.160759","PTC_VAL_IMP_SCORE":"PASS"},"__PV_SystemProperties":{"Child Count":"1","Component Name":"TMP_DWG_19.ASM","Display Name":"TMP_DWG_19.ASM","Model Extents (mm)":"37.25","OL File Name":"","Part Depth":"2","Part ID":"22","Part ID Path":"/22","Part Name":"TMP_DWG_19.ASM","Part Path":"OVERALL_ASSEMBLY.ASM/TMP_DWG_19.ASM"}},"/22/1":{"":{"Feature_Id":"1","Source_file_name":"tmp_dwg_19_1.prt"},"PROE Parameters":{"PTC_COMMON_NAME":"","PTC_MASTER_MATERIAL":"PTC_SYSTEM_MTRL_PROPS","PTC_MATERIAL_NAME":"","PTC_MP_VAL_IMP_AREA":"1933.889824","PTC_MP_VAL_IMP_VOLUME":"4537.160759","PTC_REPORTED_MATERIAL":"","PTC_VAL_IMP_PART_STATUS":"OK","PTC_VAL_IMP_SCORE":"PASS"},"__PV_SystemProperties":{"Child Count":"0","Component Name":"TMP_DWG_19_1.PRT","Display Name":"TMP_DWG_19_1.PRT","Model Extents (mm)":"37.25","OL File Name":"overall_assembly_39.ol","Part Depth":"3","Part ID":"1","Part ID Path":"/22/1","Part Name":"TMP_DWG_19_1.PRT","Part Path":"OVERALL_ASSEMBLY.ASM/TMP_DWG_19.ASM/TMP_DWG_19_1.PRT"}},"/23":{"":{"Feature_Id":"23","Source_file_name":"tmp_dwg_20.asm"},"PROE Parameters":{"PTC_COMMON_NAME":"","PTC_MP_VAL_IMP_AREA":"1933.889824","PTC_MP_VAL_IMP_VOLUME":"4537.160759","PTC_VAL_IMP_SCORE":"PASS"},"__PV_SystemProperties":{"Child Count":"1","Component Name":"TMP_DWG_20.ASM","Display Name":"TMP_DWG_20.ASM","Model Extents (mm)":"37.25","OL File Name":"","Part Depth":"2","Part ID":"23","Part ID Path":"/23","Part Name":"TMP_DWG_20.ASM","Part Path":"OVERALL_ASSEMBLY.ASM/TMP_DWG_20.ASM"}},"/23/1":{"":{"Feature_Id":"1","Source_file_name":"tmp_dwg_20_1.prt"},"PROE Parameters":{"PTC_COMMON_NAME":"","PTC_MASTER_MATERIAL":"PTC_SYSTEM_MTRL_PROPS","PTC_MATERIAL_NAME":"","PTC_MP_VAL_IMP_AREA":"1933.889824","PTC_MP_VAL_IMP_VOLUME":"4537.160759","PTC_REPORTED_MATERIAL":"","PTC_VAL_IMP_PART_STATUS":"OK","PTC_VAL_IMP_SCORE":"PASS"},"__PV_SystemProperties":{"Child Count":"0","Component Name":"TMP_DWG_20_1.PRT","Display Name":"TMP_DWG_20_1.PRT","Model Extents (mm)":"37.25","OL File Name":"overall_assembly_41.ol","Part Depth":"3","Part ID":"1","Part ID Path":"/23/1","Part Name":"TMP_DWG_20_1.PRT","Part Path":"OVERALL_ASSEMBLY.ASM/TMP_DWG_20.ASM/TMP_DWG_20_1.PRT"}},"/24":{"":{"Feature_Id":"24","Source_file_name":"tmp_dwg_21.asm"},"PROE Parameters":{"PTC_COMMON_NAME":"","PTC_MP_VAL_IMP_AREA":"32497.978652","PTC_MP_VAL_IMP_VOLUME":"10313.140880","PTC_VAL_IMP_SCORE":"PASS"},"__PV_SystemProperties":{"Child Count":"1","Component Name":"TMP_DWG_21.ASM","Display Name":"TMP_DWG_21.ASM","Model Extents (mm)":"311.125","OL File Name":"","Part Depth":"2","Part ID":"24","Part ID Path":"/24","Part Name":"TMP_DWG_21.ASM","Part Path":"OVERALL_ASSEMBLY.ASM/TMP_DWG_21.ASM"}},"/24/1":{"":{"Feature_Id":"1","Source_file_name":"tmp_dwg_21_1.prt"},"PROE Parameters":{"PTC_COMMON_NAME":"","PTC_MASTER_MATERIAL":"PTC_SYSTEM_MTRL_PROPS","PTC_MATERIAL_NAME":"","PTC_MP_VAL_IMP_AREA":"32497.978652","PTC_MP_VAL_IMP_VOLUME":"10313.140880","PTC_REPORTED_MATERIAL":"","PTC_VAL_IMP_PART_STATUS":"OK","PTC_VAL_IMP_SCORE":"PASS"},"__PV_SystemProperties":{"Child Count":"0","Component Name":"TMP_DWG_21_1.PRT","Display Name":"TMP_DWG_21_1.PRT","Model Extents (mm)":"311.125","OL File Name":"overall_assembly_43.ol","Part Depth":"3","Part ID":"1","Part ID Path":"/24/1","Part Name":"TMP_DWG_21_1.PRT","Part Path":"OVERALL_ASSEMBLY.ASM/TMP_DWG_21.ASM/TMP_DWG_21_1.PRT"}},"/25":{"":{"Feature_Id":"25","Source_file_name":"tmp_dwg_22.asm"},"PROE Parameters":{"PTC_COMMON_NAME":"","PTC_MP_VAL_IMP_AREA":"1696.680926","PTC_MP_VAL_IMP_VOLUME":"2874.676929","PTC_VAL_IMP_SCORE":"PASS"},"__PV_SystemProperties":{"Child Count":"1","Component Name":"TMP_DWG_22.ASM","Display Name":"TMP_DWG_22.ASM","Model Extents (mm)":"21.6857","OL File Name":"","Part Depth":"2","Part ID":"25","Part ID Path":"/25","Part Name":"TMP_DWG_22.ASM","Part Path":"OVERALL_ASSEMBLY.ASM/TMP_DWG_22.ASM"}},"/25/1":{"":{"Feature_Id":"1","Source_file_name":"tmp_dwg_22_1.prt"},"PROE Parameters":{"PTC_COMMON_NAME":"","PTC_MASTER_MATERIAL":"PTC_SYSTEM_MTRL_PROPS","PTC_MATERIAL_NAME":"","PTC_MP_VAL_IMP_AREA":"1696.680926","PTC_MP_VAL_IMP_VOLUME":"2874.676929","PTC_REPORTED_MATERIAL":"","PTC_VAL_IMP_PART_STATUS":"OK","PTC_VAL_IMP_SCORE":"PASS"},"__PV_SystemProperties":{"Child Count":"0","Component Name":"TMP_DWG_22_1.PRT","Display Name":"TMP_DWG_22_1.PRT","Model Extents (mm)":"21.6857","OL File Name":"overall_assembly_45.ol","Part Depth":"3","Part ID":"1","Part ID Path":"/25/1","Part Name":"TMP_DWG_22_1.PRT","Part Path":"OVERALL_ASSEMBLY.ASM/TMP_DWG_22.ASM/TMP_DWG_22_1.PRT"}},"/26":{"":{"Feature_Id":"26","Source_file_name":"tmp_dwg_23.asm"},"PROE Parameters":{"PTC_COMMON_NAME":"","PTC_MP_VAL_IMP_AREA":"1696.680926","PTC_MP_VAL_IMP_VOLUME":"2874.676929","PTC_VAL_IMP_SCORE":"PASS"},"__PV_SystemProperties":{"Child Count":"1","Component Name":"TMP_DWG_23.ASM","Display Name":"TMP_DWG_23.ASM","Model Extents (mm)":"21.6857","OL File Name":"","Part Depth":"2","Part ID":"26","Part ID Path":"/26","Part Name":"TMP_DWG_23.ASM","Part Path":"OVERALL_ASSEMBLY.ASM/TMP_DWG_23.ASM"}},"/26/1":{"":{"Feature_Id":"1","Source_file_name":"tmp_dwg_23_1.prt"},"PROE Parameters":{"PTC_COMMON_NAME":"","PTC_MASTER_MATERIAL":"PTC_SYSTEM_MTRL_PROPS","PTC_MATERIAL_NAME":"","PTC_MP_VAL_IMP_AREA":"1696.680926","PTC_MP_VAL_IMP_VOLUME":"2874.676929","PTC_REPORTED_MATERIAL":"","PTC_VAL_IMP_PART_STATUS":"OK","PTC_VAL_IMP_SCORE":"PASS"},"__PV_SystemProperties":{"Child Count":"0","Component Name":"TMP_DWG_23_1.PRT","Display Name":"TMP_DWG_23_1.PRT","Model Extents (mm)":"21.6857","OL File Name":"overall_assembly_47.ol","Part Depth":"3","Part ID":"1","Part ID Path":"/26/1","Part Name":"TMP_DWG_23_1.PRT","Part Path":"OVERALL_ASSEMBLY.ASM/TMP_DWG_23.ASM/TMP_DWG_23_1.PRT"}},"/27":{"":{"Feature_Id":"27","Source_file_name":"tmp_dwg_24.asm"},"PROE Parameters":{"PTC_COMMON_NAME":"","PTC_MP_VAL_IMP_AREA":"1685.194478","PTC_MP_VAL_IMP_VOLUME":"2924.586527","PTC_VAL_IMP_SCORE":"PASS"},"__PV_SystemProperties":{"Child Count":"1","Component Name":"TMP_DWG_24.ASM","Display Name":"TMP_DWG_24.ASM","Model Extents (mm)":"20.75","OL File Name":"","Part Depth":"2","Part ID":"27","Part ID Path":"/27","Part Name":"TMP_DWG_24.ASM","Part Path":"OVERALL_ASSEMBLY.ASM/TMP_DWG_24.ASM"}},"/27/1":{"":{"Feature_Id":"1","Source_file_name":"tmp_dwg_24_1.prt"},"PROE Parameters":{"PTC_COMMON_NAME":"","PTC_MASTER_MATERIAL":"PTC_SYSTEM_MTRL_PROPS","PTC_MATERIAL_NAME":"","PTC_MP_VAL_IMP_AREA":"1685.194478","PTC_MP_VAL_IMP_VOLUME":"2924.586527","PTC_REPORTED_MATERIAL":"","PTC_VAL_IMP_PART_STATUS":"OK","PTC_VAL_IMP_SCORE":"PASS"},"__PV_SystemProperties":{"Child Count":"0","Component Name":"TMP_DWG_24_1.PRT","Display Name":"TMP_DWG_24_1.PRT","Model Extents (mm)":"20.75","OL File Name":"overall_assembly_49.ol","Part Depth":"3","Part ID":"1","Part ID Path":"/27/1","Part Name":"TMP_DWG_24_1.PRT","Part Path":"OVERALL_ASSEMBLY.ASM/TMP_DWG_24.ASM/TMP_DWG_24_1.PRT"}},"/28":{"":{"Feature_Id":"28","Source_file_name":"tmp_dwg_25.asm"},"PROE Parameters":{"PTC_COMMON_NAME":"","PTC_MP_VAL_IMP_AREA":"3603.014075","PTC_MP_VAL_IMP_VOLUME":"4186.859434","PTC_VAL_IMP_SCORE":"PASS"},"__PV_SystemProperties":{"Child Count":"1","Component Name":"TMP_DWG_25.ASM","Display Name":"TMP_DWG_25.ASM","Model Extents (mm)":"190","OL File Name":"","Part Depth":"2","Part ID":"28","Part ID Path":"/28","Part Name":"TMP_DWG_25.ASM","Part Path":"OVERALL_ASSEMBLY.ASM/TMP_DWG_25.ASM"}},"/28/1":{"":{"Feature_Id":"1","Source_file_name":"tmp_dwg_25_1.prt"},"PROE Parameters":{"PTC_COMMON_NAME":"","PTC_MASTER_MATERIAL":"PTC_SYSTEM_MTRL_PROPS","PTC_MATERIAL_NAME":"","PTC_MP_VAL_IMP_AREA":"3603.014075","PTC_MP_VAL_IMP_VOLUME":"4186.859434","PTC_REPORTED_MATERIAL":"","PTC_VAL_IMP_PART_STATUS":"OK","PTC_VAL_IMP_SCORE":"PASS"},"__PV_SystemProperties":{"Child Count":"0","Component Name":"TMP_DWG_25_1.PRT","Display Name":"TMP_DWG_25_1.PRT","Model Extents (mm)":"190","OL File Name":"overall_assembly_51.ol","Part Depth":"3","Part ID":"1","Part ID Path":"/28/1","Part Name":"TMP_DWG_25_1.PRT","Part Path":"OVERALL_ASSEMBLY.ASM/TMP_DWG_25.ASM/TMP_DWG_25_1.PRT"}},"/29":{"":{"Feature_Id":"29","Source_file_name":"tmp_dwg_26.asm"},"PROE Parameters":{"PTC_COMMON_NAME":"","PTC_MP_VAL_IMP_AREA":"1624.816994","PTC_MP_VAL_IMP_VOLUME":"3143.577625","PTC_VAL_IMP_SCORE":"PASS"},"__PV_SystemProperties":{"Child Count":"1","Component Name":"TMP_DWG_26.ASM","Display Name":"TMP_DWG_26.ASM","Model Extents (mm)":"20.75","OL File Name":"","Part Depth":"2","Part ID":"29","Part ID Path":"/29","Part Name":"TMP_DWG_26.ASM","Part Path":"OVERALL_ASSEMBLY.ASM/TMP_DWG_26.ASM"}},"/29/1":{"":{"Feature_Id":"1","Source_file_name":"tmp_dwg_26_1.prt"},"PROE Parameters":{"PTC_COMMON_NAME":"","PTC_MASTER_MATERIAL":"PTC_SYSTEM_MTRL_PROPS","PTC_MATERIAL_NAME":"","PTC_MP_VAL_IMP_AREA":"1624.816994","PTC_MP_VAL_IMP_VOLUME":"3143.577625","PTC_REPORTED_MATERIAL":"","PTC_VAL_IMP_PART_STATUS":"OK","PTC_VAL_IMP_SCORE":"PASS"},"__PV_SystemProperties":{"Child Count":"0","Component Name":"TMP_DWG_26_1.PRT","Display Name":"TMP_DWG_26_1.PRT","Model Extents (mm)":"20.75","OL File Name":"overall_assembly_53.ol","Part Depth":"3","Part ID":"1","Part ID Path":"/29/1","Part Name":"TMP_DWG_26_1.PRT","Part Path":"OVERALL_ASSEMBLY.ASM/TMP_DWG_26.ASM/TMP_DWG_26_1.PRT"}},"/30":{"":{"Feature_Id":"30","Source_file_name":"tmp_dwg_27.asm"},"PROE Parameters":{"PTC_COMMON_NAME":"","PTC_MP_VAL_IMP_AREA":"12647.722488","PTC_MP_VAL_IMP_VOLUME":"3157.924929","PTC_VAL_IMP_SCORE":"PASS"},"__PV_SystemProperties":{"Child Count":"1","Component Name":"TMP_DWG_27.ASM","Display Name":"TMP_DWG_27.ASM","Model Extents (mm)":"284.875","OL File Name":"","Part Depth":"2","Part ID":"30","Part ID Path":"/30","Part Name":"TMP_DWG_27.ASM","Part Path":"OVERALL_ASSEMBLY.ASM/TMP_DWG_27.ASM"}},"/30/1":{"":{"Feature_Id":"1","Source_file_name":"tmp_dwg_27_1.prt"},"PROE Parameters":{"PTC_COMMON_NAME":"","PTC_MASTER_MATERIAL":"PTC_SYSTEM_MTRL_PROPS","PTC_MATERIAL_NAME":"","PTC_MP_VAL_IMP_AREA":"12647.722488","PTC_MP_VAL_IMP_VOLUME":"3157.924929","PTC_REPORTED_MATERIAL":"","PTC_VAL_IMP_PART_STATUS":"OK","PTC_VAL_IMP_SCORE":"PASS"},"__PV_SystemProperties":{"Child Count":"0","Component Name":"TMP_DWG_27_1.PRT","Display Name":"TMP_DWG_27_1.PRT","Model Extents (mm)":"284.875","OL File Name":"overall_assembly_55.ol","Part Depth":"3","Part ID":"1","Part ID Path":"/30/1","Part Name":"TMP_DWG_27_1.PRT","Part Path":"OVERALL_ASSEMBLY.ASM/TMP_DWG_27.ASM/TMP_DWG_27_1.PRT"}},"/31":{"":{"Feature_Id":"31","Source_file_name":"tmp_dwg_28.asm"},"PROE Parameters":{"PTC_COMMON_NAME":"","PTC_MP_VAL_IMP_AREA":"30952.405002","PTC_MP_VAL_IMP_VOLUME":"58889.648728","PTC_VAL_IMP_SCORE":"PASS"},"__PV_SystemProperties":{"Child Count":"1","Component Name":"TMP_DWG_28.ASM","Display Name":"TMP_DWG_28.ASM","Model Extents (mm)":"285","OL File Name":"","Part Depth":"2","Part ID":"31","Part ID Path":"/31","Part Name":"TMP_DWG_28.ASM","Part Path":"OVERALL_ASSEMBLY.ASM/TMP_DWG_28.ASM"}},"/31/1":{"":{"Feature_Id":"1","Source_file_name":"tmp_dwg_28_1.prt"},"PROE Parameters":{"PTC_COMMON_NAME":"","PTC_MASTER_MATERIAL":"PTC_SYSTEM_MTRL_PROPS","PTC_MATERIAL_NAME":"","PTC_MP_VAL_IMP_AREA":"30952.405002","PTC_MP_VAL_IMP_VOLUME":"58889.648728","PTC_REPORTED_MATERIAL":"","PTC_VAL_IMP_PART_STATUS":"OK","PTC_VAL_IMP_SCORE":"PASS"},"__PV_SystemProperties":{"Child Count":"0","Component Name":"TMP_DWG_28_1.PRT","Display Name":"TMP_DWG_28_1.PRT","Model Extents (mm)":"285","OL File Name":"overall_assembly_57.ol","Part Depth":"3","Part ID":"1","Part ID Path":"/31/1","Part Name":"TMP_DWG_28_1.PRT","Part Path":"OVERALL_ASSEMBLY.ASM/TMP_DWG_28.ASM/TMP_DWG_28_1.PRT"}},"/32":{"":{"Feature_Id":"32","Source_file_name":"tmp_dwg_29.asm"},"PROE Parameters":{"PTC_COMMON_NAME":"","PTC_MP_VAL_IMP_AREA":"15091.025156","PTC_MP_VAL_IMP_VOLUME":"104867.437965","PTC_VAL_IMP_SCORE":"PASS"},"__PV_SystemProperties":{"Child Count":"1","Component Name":"TMP_DWG_29.ASM","Display Name":"TMP_DWG_29.ASM","Model Extents (mm)":"59.75","OL File Name":"","Part Depth":"2","Part ID":"32","Part ID Path":"/32","Part Name":"TMP_DWG_29.ASM","Part Path":"OVERALL_ASSEMBLY.ASM/TMP_DWG_29.ASM"}},"/32/1":{"":{"Feature_Id":"1","Source_file_name":"tmp_dwg_29_1.prt"},"PROE Parameters":{"PTC_COMMON_NAME":"","PTC_MASTER_MATERIAL":"PTC_SYSTEM_MTRL_PROPS","PTC_MATERIAL_NAME":"","PTC_MP_VAL_IMP_AREA":"15091.025156","PTC_MP_VAL_IMP_VOLUME":"104867.437965","PTC_REPORTED_MATERIAL":"","PTC_VAL_IMP_PART_STATUS":"OK","PTC_VAL_IMP_SCORE":"PASS"},"__PV_SystemProperties":{"Child Count":"0","Component Name":"TMP_DWG_29_1.PRT","Display Name":"TMP_DWG_29_1.PRT","Model Extents (mm)":"59.75","OL File Name":"overall_assembly_59.ol","Part Depth":"3","Part ID":"1","Part ID Path":"/32/1","Part Name":"TMP_DWG_29_1.PRT","Part Path":"OVERALL_ASSEMBLY.ASM/TMP_DWG_29.ASM/TMP_DWG_29_1.PRT"}},"/33":{"":{"Feature_Id":"33","Source_file_name":"tmp_dwg_30.asm"},"PROE Parameters":{"PTC_COMMON_NAME":"","PTC_MP_VAL_IMP_AREA":"63285.894589","PTC_MP_VAL_IMP_VOLUME":"697509.450140","PTC_VAL_IMP_SCORE":"PASS"},"__PV_SystemProperties":{"Child Count":"1","Component Name":"TMP_DWG_30.ASM","Display Name":"TMP_DWG_30.ASM","Model Extents (mm)":"300","OL File Name":"","Part Depth":"2","Part ID":"33","Part ID Path":"/33","Part Name":"TMP_DWG_30.ASM","Part Path":"OVERALL_ASSEMBLY.ASM/TMP_DWG_30.ASM"}},"/33/1":{"":{"Feature_Id":"1","Source_file_name":"tmp_dwg_30_1.prt"},"PROE Parameters":{"PTC_COMMON_NAME":"","PTC_MASTER_MATERIAL":"PTC_SYSTEM_MTRL_PROPS","PTC_MATERIAL_NAME":"","PTC_MP_VAL_IMP_AREA":"63285.894589","PTC_MP_VAL_IMP_VOLUME":"697509.450140","PTC_REPORTED_MATERIAL":"","PTC_VAL_IMP_PART_STATUS":"OK","PTC_VAL_IMP_SCORE":"PASS"},"__PV_SystemProperties":{"Child Count":"0","Component Name":"TMP_DWG_30_1.PRT","Display Name":"TMP_DWG_30_1.PRT","Model Extents (mm)":"300","OL File Name":"overall_assembly_61.ol","Part Depth":"3","Part ID":"1","Part ID Path":"/33/1","Part Name":"TMP_DWG_30_1.PRT","Part Path":"OVERALL_ASSEMBLY.ASM/TMP_DWG_30.ASM/TMP_DWG_30_1.PRT"}},"/34":{"":{"Feature_Id":"34","Source_file_name":"tmp_dwg_31.asm"},"PROE Parameters":{"PTC_COMMON_NAME":"","PTC_MP_VAL_IMP_AREA":"12348.047969","PTC_MP_VAL_IMP_VOLUME":"38544.650053","PTC_VAL_IMP_SCORE":"PASS"},"__PV_SystemProperties":{"Child Count":"1","Component Name":"TMP_DWG_31.ASM","Display Name":"TMP_DWG_31.ASM","Model Extents (mm)":"285","OL File Name":"","Part Depth":"2","Part ID":"34","Part ID Path":"/34","Part Name":"TMP_DWG_31.ASM","Part Path":"OVERALL_ASSEMBLY.ASM/TMP_DWG_31.ASM"}},"/34/1":{"":{"Feature_Id":"1","Source_file_name":"tmp_dwg_31_1.prt"},"PROE Parameters":{"PTC_COMMON_NAME":"","PTC_MASTER_MATERIAL":"PTC_SYSTEM_MTRL_PROPS","PTC_MATERIAL_NAME":"","PTC_MP_VAL_IMP_AREA":"12348.047969","PTC_MP_VAL_IMP_VOLUME":"38544.650053","PTC_REPORTED_MATERIAL":"","PTC_VAL_IMP_PART_STATUS":"OK","PTC_VAL_IMP_SCORE":"PASS"},"__PV_SystemProperties":{"Child Count":"0","Component Name":"TMP_DWG_31_1.PRT","Display Name":"TMP_DWG_31_1.PRT","Model Extents (mm)":"285","OL File Name":"overall_assembly_63.ol","Part Depth":"3","Part ID":"1","Part ID Path":"/34/1","Part Name":"TMP_DWG_31_1.PRT","Part Path":"OVERALL_ASSEMBLY.ASM/TMP_DWG_31.ASM/TMP_DWG_31_1.PRT"}},"/35":{"":{"Feature_Id":"35","Source_file_name":"tmp_dwg_32.asm"},"PROE Parameters":{"PTC_COMMON_NAME":"","PTC_MP_VAL_IMP_AREA":"12348.047969","PTC_MP_VAL_IMP_VOLUME":"38544.650053","PTC_VAL_IMP_SCORE":"PASS"},"__PV_SystemProperties":{"Child Count":"1","Component Name":"TMP_DWG_32.ASM","Display Name":"TMP_DWG_32.ASM","Model Extents (mm)":"285","OL File Name":"","Part Depth":"2","Part ID":"35","Part ID Path":"/35","Part Name":"TMP_DWG_32.ASM","Part Path":"OVERALL_ASSEMBLY.ASM/TMP_DWG_32.ASM"}},"/35/1":{"":{"Feature_Id":"1","Source_file_name":"tmp_dwg_32_1.prt"},"PROE Parameters":{"PTC_COMMON_NAME":"","PTC_MASTER_MATERIAL":"PTC_SYSTEM_MTRL_PROPS","PTC_MATERIAL_NAME":"","PTC_MP_VAL_IMP_AREA":"12348.047969","PTC_MP_VAL_IMP_VOLUME":"38544.650053","PTC_REPORTED_MATERIAL":"","PTC_VAL_IMP_PART_STATUS":"OK","PTC_VAL_IMP_SCORE":"PASS"},"__PV_SystemProperties":{"Child Count":"0","Component Name":"TMP_DWG_32_1.PRT","Display Name":"TMP_DWG_32_1.PRT","Model Extents (mm)":"285","OL File Name":"overall_assembly_65.ol","Part Depth":"3","Part ID":"1","Part ID Path":"/35/1","Part Name":"TMP_DWG_32_1.PRT","Part Path":"OVERALL_ASSEMBLY.ASM/TMP_DWG_32.ASM/TMP_DWG_32_1.PRT"}},"/4":{"":{"Feature_Id":"4","Source_file_name":"tmp_dwg_1.asm"},"PROE Parameters":{"PTC_COMMON_NAME":"","PTC_MP_VAL_IMP_AREA":"87733.134131","PTC_MP_VAL_IMP_VOLUME":"226539.460525","PTC_VAL_IMP_SCORE":"PASS"},"__PV_SystemProperties":{"Child Count":"1","Component Name":"TMP_DWG_1.ASM","Display Name":"TMP_DWG_1.ASM","Model Extents (mm)":"290","OL File Name":"","Part Depth":"2","Part ID":"4","Part ID Path":"/4","Part Name":"TMP_DWG_1.ASM","Part Path":"OVERALL_ASSEMBLY.ASM/TMP_DWG_1.ASM"}},"/4/1":{"":{"Feature_Id":"1","Source_file_name":"tmp_dwg_1_1.prt"},"PROE Parameters":{"PTC_COMMON_NAME":"","PTC_MASTER_MATERIAL":"PTC_SYSTEM_MTRL_PROPS","PTC_MATERIAL_NAME":"","PTC_MP_VAL_IMP_AREA":"87733.134131","PTC_MP_VAL_IMP_VOLUME":"226539.460525","PTC_REPORTED_MATERIAL":"","PTC_VAL_IMP_PART_STATUS":"OK","PTC_VAL_IMP_SCORE":"PASS"},"__PV_SystemProperties":{"Child Count":"0","Component Name":"TMP_DWG_1_1.PRT","Display Name":"TMP_DWG_1_1.PRT","Model Extents (mm)":"290","OL File Name":"overall_assembly_3.ol","Part Depth":"3","Part ID":"1","Part ID Path":"/4/1","Part Name":"TMP_DWG_1_1.PRT","Part Path":"OVERALL_ASSEMBLY.ASM/TMP_DWG_1.ASM/TMP_DWG_1_1.PRT"}},"/5":{"":{"Feature_Id":"5","Source_file_name":"tmp_dwg_2.asm"},"PROE Parameters":{"PTC_COMMON_NAME":"","PTC_MP_VAL_IMP_AREA":"63373.221213","PTC_MP_VAL_IMP_VOLUME":"232608.620352","PTC_VAL_IMP_SCORE":"PASS"},"__PV_SystemProperties":{"Child Count":"1","Component Name":"TMP_DWG_2.ASM","Display Name":"TMP_DWG_2.ASM","Model Extents (mm)":"190.5","OL File Name":"","Part Depth":"2","Part ID":"5","Part ID Path":"/5","Part Name":"TMP_DWG_2.ASM","Part Path":"OVERALL_ASSEMBLY.ASM/TMP_DWG_2.ASM"}},"/5/1":{"":{"Feature_Id":"1","Source_file_name":"tmp_dwg_2_1.prt"},"PROE Parameters":{"PTC_COMMON_NAME":"","PTC_MASTER_MATERIAL":"PTC_SYSTEM_MTRL_PROPS","PTC_MATERIAL_NAME":"","PTC_MP_VAL_IMP_AREA":"63373.221213","PTC_MP_VAL_IMP_VOLUME":"232608.620352","PTC_REPORTED_MATERIAL":"","PTC_VAL_IMP_PART_STATUS":"OK","PTC_VAL_IMP_SCORE":"PASS"},"__PV_SystemProperties":{"Child Count":"0","Component Name":"TMP_DWG_2_1.PRT","Display Name":"TMP_DWG_2_1.PRT","Model Extents (mm)":"190.5","OL File Name":"overall_assembly_5.ol","Part Depth":"3","Part ID":"1","Part ID Path":"/5/1","Part Name":"TMP_DWG_2_1.PRT","Part Path":"OVERALL_ASSEMBLY.ASM/TMP_DWG_2.ASM/TMP_DWG_2_1.PRT"}},"/6":{"":{"Feature_Id":"6","Source_file_name":"tmp_dwg_3.asm"},"PROE Parameters":{"PTC_COMMON_NAME":"","PTC_MP_VAL_IMP_AREA":"1685.194478","PTC_MP_VAL_IMP_VOLUME":"2924.586527","PTC_VAL_IMP_SCORE":"PASS"},"__PV_SystemProperties":{"Child Count":"1","Component Name":"TMP_DWG_3.ASM","Display Name":"TMP_DWG_3.ASM","Model Extents (mm)":"20.75","OL File Name":"","Part Depth":"2","Part ID":"6","Part ID Path":"/6","Part Name":"TMP_DWG_3.ASM","Part Path":"OVERALL_ASSEMBLY.ASM/TMP_DWG_3.ASM"}},"/6/1":{"":{"Feature_Id":"1","Source_file_name":"tmp_dwg_3_1.prt"},"PROE Parameters":{"PTC_COMMON_NAME":"","PTC_MASTER_MATERIAL":"PTC_SYSTEM_MTRL_PROPS","PTC_MATERIAL_NAME":"","PTC_MP_VAL_IMP_AREA":"1685.194478","PTC_MP_VAL_IMP_VOLUME":"2924.586527","PTC_REPORTED_MATERIAL":"","PTC_VAL_IMP_PART_STATUS":"OK","PTC_VAL_IMP_SCORE":"PASS"},"__PV_SystemProperties":{"Child Count":"0","Component Name":"TMP_DWG_3_1.PRT","Display Name":"TMP_DWG_3_1.PRT","Model Extents (mm)":"20.75","OL File Name":"overall_assembly_7.ol","Part Depth":"3","Part ID":"1","Part ID Path":"/6/1","Part Name":"TMP_DWG_3_1.PRT","Part Path":"OVERALL_ASSEMBLY.ASM/TMP_DWG_3.ASM/TMP_DWG_3_1.PRT"}},"/7":{"":{"Feature_Id":"7","Source_file_name":"tmp_dwg_4.asm"},"PROE Parameters":{"PTC_COMMON_NAME":"","PTC_MP_VAL_IMP_AREA":"1350.614860","PTC_MP_VAL_IMP_VOLUME":"3511.278955","PTC_VAL_IMP_SCORE":"PASS"},"__PV_SystemProperties":{"Child Count":"1","Component Name":"TMP_DWG_4.ASM","Display Name":"TMP_DWG_4.ASM","Model Extents (mm)":"20.75","OL File Name":"","Part Depth":"2","Part ID":"7","Part ID Path":"/7","Part Name":"TMP_DWG_4.ASM","Part Path":"OVERALL_ASSEMBLY.ASM/TMP_DWG_4.ASM"}},"/7/1":{"":{"Feature_Id":"1","Source_file_name":"tmp_dwg_4_1.prt"},"PROE Parameters":{"PTC_COMMON_NAME":"","PTC_MASTER_MATERIAL":"PTC_SYSTEM_MTRL_PROPS","PTC_MATERIAL_NAME":"","PTC_MP_VAL_IMP_AREA":"1350.614860","PTC_MP_VAL_IMP_VOLUME":"3511.278955","PTC_REPORTED_MATERIAL":"","PTC_VAL_IMP_PART_STATUS":"OK","PTC_VAL_IMP_SCORE":"PASS"},"__PV_SystemProperties":{"Child Count":"0","Component Name":"TMP_DWG_4_1.PRT","Display Name":"TMP_DWG_4_1.PRT","Model Extents (mm)":"20.75","OL File Name":"overall_assembly_9.ol","Part Depth":"3","Part ID":"1","Part ID Path":"/7/1","Part Name":"TMP_DWG_4_1.PRT","Part Path":"OVERALL_ASSEMBLY.ASM/TMP_DWG_4.ASM/TMP_DWG_4_1.PRT"}},"/8":{"":{"Feature_Id":"8","Source_file_name":"tmp_dwg_5.asm"},"PROE Parameters":{"PTC_COMMON_NAME":"","PTC_MP_VAL_IMP_AREA":"1785.331762","PTC_MP_VAL_IMP_VOLUME":"5419.545288","PTC_VAL_IMP_SCORE":"PASS"},"__PV_SystemProperties":{"Child Count":"1","Component Name":"TMP_DWG_5.ASM","Display Name":"TMP_DWG_5.ASM","Model Extents (mm)":"21.75","OL File Name":"","Part Depth":"2","Part ID":"8","Part ID Path":"/8","Part Name":"TMP_DWG_5.ASM","Part Path":"OVERALL_ASSEMBLY.ASM/TMP_DWG_5.ASM"}},"/8/1":{"":{"Feature_Id":"1","Source_file_name":"tmp_dwg_5_1.prt"},"PROE Parameters":{"PTC_COMMON_NAME":"","PTC_MASTER_MATERIAL":"PTC_SYSTEM_MTRL_PROPS","PTC_MATERIAL_NAME":"","PTC_MP_VAL_IMP_AREA":"1785.331762","PTC_MP_VAL_IMP_VOLUME":"5419.545288","PTC_REPORTED_MATERIAL":"","PTC_VAL_IMP_PART_STATUS":"OK","PTC_VAL_IMP_SCORE":"PASS"},"__PV_SystemProperties":{"Child Count":"0","Component Name":"TMP_DWG_5_1.PRT","Display Name":"TMP_DWG_5_1.PRT","Model Extents (mm)":"21.75","OL File Name":"overall_assembly_11.ol","Part Depth":"3","Part ID":"1","Part ID Path":"/8/1","Part Name":"TMP_DWG_5_1.PRT","Part Path":"OVERALL_ASSEMBLY.ASM/TMP_DWG_5.ASM/TMP_DWG_5_1.PRT"}},"/9":{"":{"Feature_Id":"9","Source_file_name":"tmp_dwg_6.asm"},"PROE Parameters":{"PTC_COMMON_NAME":"","PTC_MP_VAL_IMP_AREA":"8445.768687","PTC_MP_VAL_IMP_VOLUME":"2107.907880","PTC_VAL_IMP_SCORE":"PASS"},"__PV_SystemProperties":{"Child Count":"1","Component Name":"TMP_DWG_6.ASM","Display Name":"TMP_DWG_6.ASM","Model Extents (mm)":"270","OL File Name":"","Part Depth":"2","Part ID":"9","Part ID Path":"/9","Part Name":"TMP_DWG_6.ASM","Part Path":"OVERALL_ASSEMBLY.ASM/TMP_DWG_6.ASM"}},"/9/1":{"":{"Feature_Id":"1","Source_file_name":"tmp_dwg_6_1.prt"},"PROE Parameters":{"PTC_COMMON_NAME":"","PTC_MASTER_MATERIAL":"PTC_SYSTEM_MTRL_PROPS","PTC_MATERIAL_NAME":"","PTC_MP_VAL_IMP_AREA":"8445.768687","PTC_MP_VAL_IMP_VOLUME":"2107.907880","PTC_REPORTED_MATERIAL":"","PTC_VAL_IMP_PART_STATUS":"OK","PTC_VAL_IMP_SCORE":"PASS"},"__PV_SystemProperties":{"Child Count":"0","Component Name":"TMP_DWG_6_1.PRT","Display Name":"TMP_DWG_6_1.PRT","Model Extents (mm)":"270","OL File Name":"overall_assembly_13.ol","Part Depth":"3","Part ID":"1","Part ID Path":"/9/1","Part Name":"TMP_DWG_6_1.PRT","Part Path":"OVERALL_ASSEMBLY.ASM/TMP_DWG_6.ASM/TMP_DWG_6_1.PRT"}}}
