{
  "name": "CHNG5603 Project 3",
  "projectType": "AR",
  "viewType": "ar",
  "fileName": "CHNG5603_Project_3",
  "thingworxServer": "https://university-of-sydney-dev.es.thingworx.com",
  "viewTemplateFileName": "home-ar.json",
  "state": {
    "orientation": "portrait"
  },
  "targets": {
    "phone": {
      "components": [
        {
          "name": "Home",
          "fileName": "Home",
          "showInMainMenu": true,
          "viewType": "ar",
          "title": "Home"
        }
      ],
      "images": []
    },
    "shared": {
      "components": [
        {
          "name": "Data",
          "fileName": "Data"
        }
      ],
      "images": [],
      "fragments": [],
      "styles": [
        {
          "name": "App",
          "fileName": "App",
          "fileExt": "scss"
        }
      ]
    }
  },
  "device": {
    "name": "iphone_11_xr",
    "width": "414",
    "height": "896"
  },
  "mainNavigationMenuStyle": "leftSideMenu",
  "resourceDirectory": "src/phone/resources",
  "resourceRuntimeDir": "app/resources",
  "fontRuntimeDir": "../fonts",
  "fontDesigntimeDir": "../dist/fonts",
  "theme": "twx-light",
  "version": "1.80.2379"
}
