{
  "name": "",
  "version": "1.0.0",
  "requires": [
    "w320dp"
  ],
  "experiences": [
    {
      "vumark": "",
      "experienceType": "vumark",
      "id": 1,
      "index-keys": [],
      "title": {
        "en": "CHNG5603 Project 3"
      },
      "description": {
        "en": "",
        "en-US": ""
      },
      "requires": [
        "AR-tracking"
      ],
      "tags": [],
      "icon": "",
      "viewName": "Home",
      "url-template": "index.html?expId=1",
      "entryPoint": "index.html?expId=1",
      "thumbnail": ""
    }
  ],
  "widgetsUsage": [
    {
      "timestamp": "2024-05-26T05:05:19.083Z",
      "action": "LATEST_SAVE",
      "usage": {
        "twx-view": 1,
        "twx-dt-view": 1,
        "twx-dt-model": 1,
        "twx-dt-modelitem": 20,
        "twx-overlay": 1,
        "twx-overlay-container": 5,
        "twx-gridlayout": 6,
        "twx-row": 19,
        "twx-col": 35,
        "twx-button": 9,
        "twx-overlay-body": 1,
        "twx-popup": 4,
        "twx-label": 16
      }
    }
  ],
  "accessType": "private",
  "designedfor": []
}
